"Image","Loop scattering","Background ring","Strong background","Diffuse scattering","Artifact","Ice ring","Non-uniform detector"
"./data/135840_4_0001.png",0,1,0,1,0,0,0
"./data/159769_2_0001.png",0,1,0,0,0,0,0
"./data/94590_2_E2.png",1,1,0,0,0,0,0
"./data/a1g11c1-3peak.0001.png",0,1,1,0,0,0,0
"./data/165065_2_0001.png",1,1,1,0,0,0,0
"./data/T1266_1_001.png",0,1,1,1,0,0,0
"./data/idp04731a.png",0,1,0,1,0,0,0
"./data/65846_1_E1_001.png",1,1,0,0,0,0,0
"./data/215949a5_a0201.png",0,1,1,1,0,0,0
"./data/196603_2_00001.png",0,0,1,0,0,0,0
"./data/54183_1_E2_001.png",1,1,1,0,0,0,0
"./data/m2e11g-peak.0001.png",0,1,0,0,0,0,0
"./data/154138_2_0001.png",1,1,1,0,0,0,0
"./data/60086_2_001.png",1,0,0,0,0,0,0
"./data/TM1782B4_103_001.png",0,1,0,1,1,0,0
"./data/a110-m4d10gly.0001.png",0,1,1,0,0,0,0
"./data/gdy9-5_1_00001.png",0,1,0,1,0,0,0
"./data/165231_2_0001.png",0,0,1,0,1,0,0
"./data/idp01616u.png",0,1,0,1,0,0,0
"./data/105426_1_001.png",0,1,0,0,0,0,0
"./data/108894_2_001.png",0,0,0,0,0,0,0
"./data/IDP00739_katm_19_3_2_0001.png",1,1,1,0,0,0,0
"./data/152414_1_E1_0001.png",1,1,1,0,0,0,0
"./data/55006_2_001.png",1,1,0,0,0,0,0
"./data/70727_1_001.png",1,1,1,0,0,0,0
"./data/IDP01439_H-E-2_19-id_1_0001.png",0,0,1,0,0,0,0
"./data/kfr0-6.png",0,1,0,0,0,0,0
"./data/mGTPM4G2gly-peak.0001.png",0,1,0,1,0,0,0
"./data/205032_2_00001.png",0,1,1,0,1,0,0
"./data/163446_1_E2_0001.png",0,1,0,0,0,0,0
"./data/19456_1_E2_001.png",0,1,0,0,0,0,0
"./data/ges3-5.png",0,1,0,0,0,0,0
"./data/14795_2_001.png",1,0,1,0,0,0,0
"./data/61303_1_E1_001.png",0,1,0,0,0,0,0
"./data/74875_1_E2_001.png",1,1,0,1,0,0,0
"./data/022848_katm_5_1_1_0001.png",0,1,1,0,0,0,0
"./data/CPX200403_d2_M3_A7_data.0001.png",0,1,0,0,0,0,0
"./data/13089_2_001.png",0,0,0,0,0,0,0
"./data/120919_4_E1_001.png",1,1,1,0,0,0,0
"./data/44338_3_E1_001.png",1,0,0,0,0,0,0
"./data/83548_2_001.png",1,0,1,0,0,0,0
"./data/200149_1_E2_00001.png",1,1,1,0,0,0,0
"./data/wjm1-6.png",0,1,0,0,0,0,0
"./data/pfb1-6.png",1,1,1,0,0,0,0
"./data/C5_2_001.png",1,1,0,0,0,0,0
"./data/55006_1_E1_001.png",1,1,1,0,0,0,0
"./data/89622_2_001.png",1,1,1,0,0,0,0
"./data/151666_1_E1_0001.png",1,0,1,0,0,0,0
"./data/103543_1_001.png",1,0,0,0,0,0,0
"./data/56112_2_001.png",1,1,1,0,0,0,0
"./data/WKY6_14_1_001.png",0,1,1,0,0,0,0
"./data/IDP2103B_PKa.0001.png",0,0,1,0,0,0,0
"./data/195823_1_E1_00001.png",0,0,1,0,0,0,0
"./data/85600_2_001.png",1,0,1,0,0,0,0
"./data/IDP91963-3.png",0,1,1,0,0,0,0
"./data/2607_2_001.png",1,1,1,0,0,0,0
"./data/168677_1_0001.png",1,0,0,0,0,1,0
"./data/27127_1_E2_001.png",1,0,1,0,0,0,0
"./data/146136_1_0001.png",1,1,1,1,0,0,0
"./data/236782g5_x1001.png",1,1,1,1,0,0,0
"./data/153055_1_E2_0001.png",1,1,1,0,0,0,0
"./data/156933_2_0001.png",0,0,0,0,0,0,0
"./data/ekw2_4_1_001.png",0,1,0,0,0,0,0
"./data/61817_1_E2_001.png",0,1,0,0,0,0,0
"./data/201069_1_E2_00001.png",1,1,1,0,0,0,0
"./data/p4_1_E2_001.png",0,1,0,0,0,0,0
"./data/143230_1_E1_0001.png",1,1,1,0,0,0,0
"./data/82007_3_001.png",1,1,0,0,0,0,0
"./data/47717_2_E1_001.png",0,1,1,0,0,0,0
"./data/196606_1_E2_00001.png",1,1,1,0,0,0,0
"./data/tk-xf12-soak-ca-2.0001.png",0,1,0,0,0,0,0
"./data/200362_1_E1_00001.png",0,1,0,0,0,0,0
"./data/55315_2_001.png",0,0,0,0,0,1,0
"./data/rqr4-6.png",0,1,0,0,0,0,0
"./data/154505_2_0001.png",1,1,1,0,0,0,0
"./data/95390_2_E2.png",1,1,0,0,0,0,0
"./data/100744_1_001.png",1,1,1,0,0,0,0
"./data/158220_1_E2_00001.png",0,0,1,0,0,1,0
"./data/38495_1_E1_001.png",1,1,0,0,0,0,0
"./data/cjs5-7.png",0,1,0,0,0,0,0
"./data/60114_1_E2_001.png",1,1,0,0,0,0,0
"./data/84291_2_001.png",1,1,1,0,0,0,0
"./data/123222_1_001.png",1,0,1,0,0,0,0
"./data/T2091_E1_1_001.png",0,0,1,0,0,0,0
"./data/83476_2_001.png",0,0,1,0,0,0,0
"./data/57133_1_E1_001.png",1,1,1,0,0,0,0
"./data/121762_1_001.png",1,1,1,0,0,0,0
"./data/5995_3_001.png",0,0,1,0,0,1,0
"./data/142507_1_E1_0001.png",0,1,1,0,0,0,0
"./data/56381_3_001.png",0,0,1,1,0,0,0
"./data/159473_1_E1_0001.png",0,1,1,0,0,0,0
"./data/91320_2_001.png",1,0,0,0,0,0,0
"./data/CdPiminC3eg.0001.png",0,1,1,0,0,0,0
"./data/176318_1_E1_00001.png",0,1,1,0,0,0,0
"./data/JBL6-16_1_001.png",1,0,1,0,0,0,0
"./data/99049_2_001.png",0,0,1,0,0,0,0
"./data/high_ADGbYfT.png",1,1,1,0,1,0,0
"./data/95462_2_E1.png",1,1,0,0,0,1,0
"./data/198553_1_E2_00001.png",1,1,1,0,0,0,0
"./data/apc106607_CtJpzxK.png",1,1,0,0,0,0,0
"./data/14775_3_001.png",0,1,0,0,0,0,0
"./data/218475d8_x0001.png",0,1,1,0,0,0,0
"./data/XV1_STAM0001_40001.png",0,0,1,0,0,0,0
"./data/56038_4_001.png",0,0,0,1,0,1,0
"./data/l-asp-m1c7eg-2.0001.png",0,1,1,0,0,0,0
"./data/267315h4_x0001.png",1,1,1,0,0,0,0
"./data/116815_2_001.png",0,1,1,1,0,0,0
"./data/idp90792ad_Ak4A1YJ.png",0,0,0,0,0,1,0
"./data/10230_7_001.png",0,0,0,0,0,0,0
"./data/34560_1_E2_001.png",0,1,1,0,0,0,0
"./data/151434_2_0001.png",0,0,1,1,0,0,0
"./data/111735_IND_H8_data.0001.png",0,0,0,0,0,1,0
"./data/119689_1_001.png",1,1,1,0,0,0,0
"./data/146832_2_0001.png",0,1,1,1,0,0,0
"./data/175484_1_00001.png",1,1,1,0,1,0,0
"./data/119173_1_E2_001.png",0,1,1,0,0,0,0
"./data/86292_2_001.png",0,0,0,1,0,1,0
"./data/70622_1_E1_001.png",1,1,1,0,0,0,0
"./data/PC05870B_19_7_1_001.png",1,1,0,0,0,0,0
"./data/kas6-4.png",0,1,0,1,0,0,0
"./data/idp90611b.png",0,0,0,1,0,1,0
"./data/idp01139_3Q6D.0001.png",0,1,0,1,0,0,0
"./data/11039_2_001.png",0,0,0,0,0,0,0
"./data/49157_2_001.png",1,1,1,0,0,0,0
"./data/9664low_3_001.png",0,0,0,0,0,0,0
"./data/25602_1_E2_001.png",1,1,1,0,0,0,0
"./data/107623_1_E2_001.png",0,1,1,0,0,0,0
"./data/13055_5_001.png",0,0,0,0,0,0,0
"./data/3h0p_stm1194_n1_nat_2.png",0,1,0,0,0,1,0
"./data/183754_2_00001.png",1,1,1,0,1,0,0
"./data/efe0002_sad_0001.png",0,1,1,0,0,0,0
"./data/48870_2_001.png",1,1,1,0,0,0,0
"./data/rux3-9.png",0,1,0,0,0,0,0
"./data/49967_2_001.png",0,1,0,1,0,0,0
"./data/HDAC6-x304_1_0001.png",0,0,1,0,0,0,0
"./data/144619_2_0001.png",1,1,1,0,0,0,0
"./data/174308_2_00001.png",1,0,1,0,0,0,0
"./data/IDP02729-1b.png",0,1,0,1,0,0,0
"./data/52483_1_E1_001.png",0,0,1,1,0,0,0
"./data/ybn6_7_1_001.png",0,1,0,0,0,0,0
"./data/156933_1_E1_0001.png",1,1,1,0,0,0,0
"./data/89326_1_001.png",0,1,1,0,0,0,0
"./data/lpg1851_x10b_pk2.0001.png",1,0,1,1,0,1,0
"./data/255936e1_high_x0001.png",0,0,1,0,1,1,0
"./data/107586_Zn_1_001.png",1,1,1,0,0,0,0
"./data/IDP02237-3.png",0,0,0,1,0,0,0
"./data/134075_1_E2_0001.png",0,1,1,0,0,0,0
"./data/11188_4_001.png",1,0,1,0,0,1,0
"./data/sm4g12ge2.0001.png",0,1,0,0,0,0,0
"./data/60576_2_001.png",1,1,0,0,0,1,1
"./data/4-m1g3g2-peak.0001.png",0,1,0,1,0,0,0
"./data/29762_3_001.png",1,1,1,0,0,1,0
"./data/9258_1_E2_001.png",0,1,0,0,0,0,0
"./data/225985d11_x0001.png",1,1,1,0,0,0,0
"./data/82268_1_E2_001.png",1,1,1,0,0,0,0
"./data/175921_1_E2_00001.png",1,0,1,0,0,0,0
"./data/25076_2_E2_001.png",1,1,0,0,0,0,0
"./data/UVH3-3set.png",0,0,0,1,0,0,0
"./data/64161_1_E2.png",1,0,0,1,0,1,0
"./data/217759b6_x0001.png",0,0,0,0,0,1,0
"./data/19057_1_E1_001.png",0,1,0,1,0,0,0
"./data/23183_1_E1_001.png",1,1,1,0,0,0,0
"./data/ENC0005_1_175_Dec7_2016_collect_0301.png",0,1,1,0,0,0,0
"./data/206697_1_E1_00001.png",0,1,1,0,0,0,0
"./data/sbq8-1.png",0,1,0,0,0,0,0
"./data/d3_p9_103_001.png",0,0,0,0,0,0,0
"./data/PY4_setdb1_2_screen_0001.png",0,0,1,0,1,0,0
"./data/13120_1_E1_001.png",0,1,1,0,0,0,0
"./data/T3527_1_E3_001.png",0,1,0,1,0,0,0
"./data/1732-m1d7g-peak.0001.png",0,1,1,0,0,0,0
"./data/62581_1_001.png",1,1,1,0,0,0,0
"./data/u1_t3.0001.png",1,0,1,0,0,0,0
"./data/90779_3_001.png",1,0,1,0,0,0,0
"./data/idp90611e.png",0,1,0,1,0,0,0
"./data/157245_1_0001.png",0,1,1,0,0,0,0
"./data/84630_1_001.png",1,1,1,0,0,0,0
"./data/54314_2_001.png",1,1,1,0,0,0,0
"./data/29pgc-pc-a11g.0001.png",0,1,0,1,0,0,0
"./data/jcp2-9.png",1,0,0,0,0,0,0
"./data/IDP00909-1.png",0,1,0,1,0,0,0
"./data/162347_1_E2_001.png",0,0,0,0,0,1,0
"./data/INDF7-gly1-peak.0001.png",1,1,1,0,0,0,0
"./data/262682g4_y0100.png",1,1,1,0,1,0,0
"./data/93611_1_E1.png",1,1,0,0,0,0,1
"./data/126298_1_E2_001.png",1,0,1,0,0,0,0
"./data/74945_1_E3_001.png",1,0,1,1,0,0,0
"./data/36658_1_E2_001.png",0,1,0,1,0,0,0
"./data/6642_E1.png",1,1,0,0,0,0,1
"./data/179482_1_00001.png",1,1,1,0,1,0,0
"./data/163108_1_E1_0001.png",1,1,1,0,0,0,0
"./data/xwx3-10.png",0,1,0,0,0,0,0
"./data/285996c10_0001.png",0,1,1,1,0,0,0
"./data/21c10p2_2_E2_001.png",0,1,0,0,0,0,0
"./data/1246P_2_001.png",1,1,0,0,0,0,0
"./data/idp02310-1_B.png",0,1,0,1,0,0,0
"./data/155626_1_E2_0001.png",1,0,0,0,0,1,0
"./data/172170_2_00001.png",0,0,1,0,1,1,0
"./data/171391_1_E2_001.png",0,1,0,0,0,0,0
"./data/184274_1_00001.png",1,1,1,0,1,0,0
"./data/rjo4-1.png",0,1,0,0,0,0,0
"./data/15533_1_E2_001.png",1,0,1,0,0,0,0
"./data/stm3982-2_A.png",1,1,0,0,0,0,0
"./data/13055_1_001.png",1,0,1,1,0,0,0
"./data/36319_1_E1_001.png",1,1,1,0,0,0,0
"./data/m1-a9e.0001.png",0,1,0,0,0,0,1
"./data/sam-pic12-peak.0001.png",0,1,0,1,0,0,0
"./data/AssviHisAp_PFAR_M2_G3_data.0001.png",0,1,0,1,0,0,0
"./data/106568_1_E2_001.png",1,0,1,0,0,0,0
"./data/77278_1_E1_001.png",1,1,1,0,0,0,0
"./data/197652_2_00001.png",1,0,1,0,1,0,0
"./data/135560_2_0001.png",1,1,1,0,0,0,0
"./data/140722_2_0001.png",0,1,0,0,0,0,0
"./data/fdi5-8.png",0,1,0,0,0,0,0
"./data/35664_1_E1_001.png",1,1,1,0,0,0,0
"./data/285574g2_z_0001.png",0,1,1,0,1,0,0
"./data/53256_1_E2_001.png",0,1,1,0,0,0,0
"./data/92029_1_E1_001.png",1,0,1,0,0,0,0
"./data/e6x_3.0701.png",0,1,0,0,0,0,0
"./data/12525_4_E3_001.png",1,0,0,0,0,0,0
"./data/337_SubTrpf_misl_M2_A5_low.0001.png",0,1,0,1,0,0,0
"./data/30484_1_E1.png",1,0,0,0,0,1,0
"./data/262775a12_z20001.png",0,1,1,1,0,0,0
"./data/puck32-10_lr_2_001.png",0,1,0,0,0,0,0
"./data/34601_2.png",0,1,0,0,0,0,0
"./data/UFB4_3.png",0,1,0,1,0,0,0
"./data/185512_1_001.png",1,0,0,0,0,1,1
"./data/98291_1_001.png",1,1,1,0,0,0,0
"./data/xtal1_addF5.0001.png",0,1,1,0,1,0,0
"./data/36184_1_E2_001.png",0,1,1,1,0,0,0
"./data/111733_M1_f6_data.0001.png",0,1,0,0,0,0,0
"./data/ach0001_Tob4_3Apr12_collect_120mm_300sec_0001.png",0,0,1,0,0,0,0
"./data/181388_1_E2_00001.png",0,1,1,0,0,0,0
"./data/12058_1_E3_001.png",0,1,0,1,0,0,0
"./data/rzw4_1_3_7.png",0,1,0,0,0,0,0
"./data/52025_1_E2_001.png",1,1,1,0,0,0,0
"./data/10230_5_E2_001.png",1,1,0,0,0,0,0
"./data/18574_1_E1_001.png",0,0,1,1,0,1,0
"./data/47717_1_E2_001.png",0,1,1,0,0,0,0
"./data/210571_1_E1_00001.png",1,0,1,0,0,0,0
"./data/207064_1_00001.png",1,0,1,0,1,0,1
"./data/IDP04689-2.png",0,1,0,1,0,0,0
"./data/13022_1_001.png",0,1,0,0,0,0,0
"./data/rux3-7.png",0,1,0,0,0,1,0
"./data/kgc9-3.png",0,1,0,0,0,0,0
"./data/id2164-1_A.png",0,1,0,1,0,0,0
"./data/90308_2_001.png",1,1,1,0,0,1,0
"./data/7162_3_001.png",0,0,0,0,0,0,0
"./data/139313_1_E1_0001.png",1,1,1,0,0,0,1
"./data/149284_1_E1_0001.png",1,1,0,0,0,0,0
"./data/apc103670c.png",0,0,0,1,0,1,0
"./data/IDP91216-1.png",0,1,0,1,0,0,0
"./data/149187_1_E2_0001.png",1,0,1,0,0,0,0
"./data/63720_1_E2.png",1,1,1,0,0,1,0
"./data/81309_1_E2_001.png",1,1,1,0,0,0,1
"./data/113488_1_E1_001.png",1,1,1,0,0,0,1
"./data/peak_UietgQZ.png",1,1,1,0,0,0,0
"./data/257704f1_x0001.png",0,1,1,0,0,1,0
"./data/90356_2_001.png",0,0,1,0,0,1,0
"./data/60444_3_001.png",1,1,0,0,0,0,0
"./data/82888_2_001.png",0,0,1,1,0,0,0
"./data/15048_2_001.png",0,1,0,0,0,0,0
"./data/163636_1_E1_0361.png",0,1,0,1,0,0,0
"./data/179565_2_00001.png",1,1,1,0,0,0,0
"./data/200822_1_00001.png",1,0,1,0,1,0,0
"./data/191124_1_E1_00001.png",1,1,0,1,1,0,0
"./data/101320_2_001.png",1,0,1,0,0,0,0
"./data/155043_1_E2_0001.png",1,0,1,0,0,0,0
"./data/198681_1_E2_00001.png",1,1,1,0,0,1,0
"./data/peak-2.0001.png",0,1,1,0,0,0,0
"./data/20044_2_E1.png",0,1,1,1,0,0,0
"./data/a2c1-peak.0001.png",0,1,1,0,0,0,0
"./data/159525_2_E1_0001.png",1,0,1,0,0,0,0
"./data/159525_1_E2_0001.png",1,1,1,0,0,0,0
"./data/1001_M2_B7_low.0001.png",0,1,1,0,0,0,0
"./data/cps-044-3_1_001.png",0,1,0,0,0,0,0
"./data/61537_3_E1_001.png",0,1,1,0,0,0,0
"./data/211518_2_00001.png",1,1,1,0,0,0,0
"./data/265800f4_xx0001.png",0,0,1,0,0,0,0
"./data/12217_2_001.png",0,0,0,0,0,0,0
"./data/12562_4_E1_001.png",1,0,0,0,0,0,0
"./data/idp90293b.png",1,1,0,0,0,0,0
"./data/bjp_plate2-b3_1_001.png",0,1,0,1,0,0,0
"./data/14851_2_001.png",1,0,1,0,0,0,0
"./data/m1a11g.0001.png",0,1,0,1,0,0,0
"./data/rkr2_4_1_001.png",0,1,0,1,0,1,0
"./data/172008_1_E2_001.png",1,1,1,0,0,0,0
"./data/68112_4_001.png",1,1,1,0,0,0,0
"./data/186527_2_E1_001.png",1,0,1,0,0,0,1
"./data/211010_1_E1_00001.png",1,0,1,0,1,0,1
"./data/TK-1-H2-x1-low.0001.png",0,1,0,1,0,0,0
"./data/49157_1_E2_001.png",1,1,1,0,0,0,0
"./data/130597_1_E1_001.png",1,1,1,0,0,0,0
"./data/IDP91546-1b.png",0,1,0,1,0,1,0
"./data/113120_1_E1_001.png",1,1,1,0,0,0,1
"./data/xtal_4_scan_D2_low.0001.png",0,1,0,0,0,1,0
"./data/T3996_3_001.png",0,0,0,0,0,0,0
"./data/17908_1.png",0,1,1,0,0,0,0
"./data/26958_2_001.png",1,0,1,0,0,0,1
"./data/79774_1_E1_001.png",1,0,1,0,0,0,1
"./data/107325_2_001.png",1,1,1,0,0,0,1
"./data/73340_2_001.png",1,1,1,0,0,0,0
"./data/M1G2a.0001.png",1,1,1,0,0,0,0
"./data/11921_3_E3_001.png",1,1,1,0,0,0,0
"./data/3985_1_001.png",1,0,0,1,0,0,0
"./data/11820_2_001.png",0,1,0,0,0,0,0
"./data/3332_2_001.png",1,0,0,0,0,0,0
"./data/40464_1_E2_001.png",1,1,1,0,0,0,0
"./data/IDP01787-2_2_B.png",0,1,0,0,0,0,0
"./data/vnb7-4.png",1,1,0,0,0,0,0
"./data/T1588-822_1_E3_001.png",0,0,0,0,0,1,0
"./data/44283_1_E1_001.png",0,0,1,0,0,0,0
"./data/20370_1_E1_001.png",0,0,1,0,0,0,0
"./data/HUW5-15_1_001.png",1,1,1,0,0,0,0
"./data/mj67_d10ab.png",0,1,0,0,0,0,0
"./data/T3017_5_001.png",0,0,1,0,0,0,0
"./data/196802_1_00001.png",1,0,1,0,1,0,0
"./data/STR0003-1.png",0,1,0,1,0,0,0
"./data/IDP05410-4d.png",1,1,1,0,0,1,0
"./data/3893_3_E1_001.png",1,1,0,0,0,0,0
"./data/I5-29_t1.png",0,1,0,1,0,0,0
"./data/c6p3_2_001.png",0,1,0,0,0,0,0
"./data/IDP00044_G5_C6_1_2_0001.png",1,0,1,1,0,0,0
"./data/122185_1_E1_001.png",1,1,1,0,0,0,0
"./data/65408_1_E1.png",0,1,0,1,0,0,0
"./data/T3017_1_E1_001.png",0,0,1,0,0,0,0
"./data/xtal-1.0001_1A0MBRm.png",0,1,1,0,0,0,0
"./data/CAA0034_collect_Dec13_2016_0401.png",0,0,1,0,0,0,0
"./data/168601_1_E2_0001.png",1,1,1,0,0,0,0
"./data/218438h2_y0001.png",0,1,1,0,0,0,0
"./data/138060_1_E2_0001.png",1,0,1,0,0,0,0
"./data/154138_1_E1_0001.png",1,1,1,0,0,0,1
"./data/186871_1_E1_001.png",1,1,0,0,0,0,1
"./data/180999_2_00001.png",1,1,1,0,0,0,0
"./data/x257392_real_00001.png",0,0,1,1,0,1,0
"./data/77278_2_001.png",1,1,1,0,0,0,0
"./data/76161_1_E1_001.png",1,0,1,1,0,0,0
"./data/izz8-4.png",0,1,0,0,0,0,0
"./data/77848_1_E1_001.png",0,1,1,0,0,0,1
"./data/9611_1_001.png",1,1,0,0,0,0,0
"./data/idp01705-n1_B.png",0,1,0,1,0,0,0
"./data/16-m2b3g-peak.0001.png",0,1,0,1,0,0,0
"./data/APC234_Iy-4_1_0001.png",0,1,0,1,0,0,0
"./data/mj67_d10a.png",0,1,0,0,0,0,0
"./data/209049_2_00001.png",1,1,1,0,1,0,0
"./data/91320_1_E2_001.png",1,1,1,0,0,0,0
"./data/92225_1_E1_001.png",1,0,1,0,0,0,0
"./data/183667_1_E2_00001.png",1,0,1,0,1,0,0
"./data/76429_2_001.png",1,0,1,0,0,0,0
"./data/23c28p2_2_001.png",0,0,1,0,0,0,0
"./data/157727_1_0001.png",1,1,1,0,0,0,0
"./data/111270_M4_G11_data.0001.png",0,1,0,1,0,0,0
"./data/63791_1_E2.png",0,1,1,0,0,0,0
"./data/lnk6-1.png",0,1,0,0,0,0,0
"./data/217062a8b_x0010.png",0,1,1,0,0,0,0
"./data/61643_1_E2_001.png",1,1,0,0,0,0,0
"./data/206645h12_z0001.png",0,1,1,0,1,0,0
"./data/T2265_1_001.png",0,0,0,1,0,1,0
"./data/d3_p9_1_001.png",1,0,0,0,0,0,1
"./data/24756_3_E1_001.png",1,0,1,0,0,0,0
"./data/144591_2_0001.png",1,1,1,0,0,0,1
"./data/21c10p2_1_E1_001.png",1,1,1,1,0,0,0
"./data/95955_1_E1.png",0,1,0,0,0,0,1
"./data/DCB19_6_1_001.png",0,1,1,0,0,1,0
"./data/51247_1_E1_001.png",1,0,1,0,0,1,0
"./data/75674_1_E2_001.png",0,1,0,0,0,1,0
"./data/APC6354_Ih-87_1_0001.png",1,0,1,0,0,0,0
"./data/44931_1_E2_001.png",1,1,1,0,0,0,1
"./data/216496e11_a0401.png",0,1,1,0,0,0,0
"./data/27867_2_001.png",1,1,1,0,0,0,1
"./data/IDP05410-4c.png",1,1,1,0,0,1,0
"./data/119698_1_E1_001.png",1,0,1,0,0,0,0
"./data/149178_1_E1_0001.png",1,1,1,0,0,0,0
"./data/bdu3-10lowres.png",0,1,0,1,0,0,0
"./data/237875c7_y0001.png",1,1,1,0,0,0,0
"./data/IDP01038_3ghz.0401.png",0,1,0,1,0,0,0
"./data/97004_1_E1.png",0,1,0,1,0,1,1
"./data/12996_2_E2_001.png",1,0,1,0,0,0,0
"./data/IDP05684CoA_PKa.0001.png",1,1,0,0,0,0,0
"./data/126867_1_001.png",0,0,1,1,0,1,0
"./data/186408_2_00001.png",1,0,1,0,1,0,0
"./data/15625_1_E3_001.png",1,1,0,0,0,0,0
"./data/60620_1_E1_001.png",0,1,0,0,0,0,0
"./data/vmk5_1_1_001.png",0,1,1,0,1,1,0
"./data/77741_1_E2_001.png",0,1,0,0,0,0,1
"./data/180999_3_E1_00001.png",0,1,1,0,0,0,0
"./data/test_4_001.png",1,1,1,0,1,0,0
"./data/18547_1_001.png",1,1,1,0,0,0,0
"./data/255936e1_x0001.png",0,0,1,0,1,1,0
"./data/30918_2.png",0,1,0,1,0,0,0
"./data/284201at_tip_x_0001.png",0,0,1,0,1,0,0
"./data/98291_3_E1_001.png",1,1,1,0,0,0,0
"./data/c1m_2_001.png",1,1,0,0,0,0,0
"./data/idp1723-1_A.png",0,1,0,0,0,0,0
"./data/190819_1_E2_00001.png",1,0,1,0,1,0,0
"./data/HsProlMut1_Mn_GP_pH69_nat_2_0001.png",0,1,0,0,0,0,0
"./data/107516_1_E2_001.png",1,1,1,0,0,0,1
"./data/in63g2-peak1.0001_0AFstGP.png",1,0,1,0,0,0,0
"./data/137775_1_E1_0001.png",0,1,1,0,0,0,1
"./data/IDP05735-3.png",1,1,0,0,0,0,0
"./data/ic11-2-peak3.0001.png",1,1,0,1,0,0,0
"./data/257491b7_z0001.png",0,1,1,0,0,0,0
"./data/13120_3_001.png",0,1,1,0,0,0,0
"./data/idp90922a.png",0,1,0,0,0,0,0
"./data/187937_1_E1_001.png",0,1,0,0,0,0,1
"./data/F1967_0912_screen_0001.png",0,0,1,0,1,1,0
"./data/idp04176g.png",0,1,0,0,0,0,0
"./data/IDP01300_3f0i.png",0,1,0,0,1,0,0
"./data/anomalous_IDP00577-5b.png",0,1,0,0,0,0,0
"./data/IDP02733_3M5P.0001.png",0,1,0,1,0,0,0
"./data/170434_2_001.png",0,0,0,0,0,1,0
"./data/165956_1_E1_0001.png",1,1,1,0,1,1,1
"./data/180999_1_E2_00001.png",0,1,1,0,0,0,0
"./data/63667_1_E1.png",1,1,0,0,0,1,0
"./data/25076_1_E1_001.png",1,1,1,0,0,0,1
"./data/184206_1_00001.png",1,1,1,0,1,0,1
"./data/114340_1_E1_001.png",1,1,1,0,0,0,1
"./data/KDM4B_1s.png",0,1,0,0,0,0,0
"./data/13120_2_E2_001.png",0,1,1,0,0,0,0
"./data/TUC-8_4_1_001.png",0,0,0,0,0,0,0
"./data/130716_1_E1_001.png",1,0,1,0,0,0,1
"./data/112971_2_001.png",1,1,1,0,0,0,1
"./data/ic7-2su.0001.png",0,0,0,1,0,1,0
"./data/rgo9-7.png",0,1,0,1,0,0,0
"./data/136883_2_001.png",0,1,0,0,0,0,0
"./data/34719_1_E1.png",0,1,0,0,0,0,0
"./data/17c10p4_2_E1_001.png",0,1,0,0,0,0,1
"./data/115852_1_001.png",1,1,1,0,0,0,0
"./data/22755_1_E2_001.png",1,1,1,0,0,0,0
"./data/73340_1_E2_001.png",1,1,1,0,0,0,1
"./data/u1_s4.0001.png",0,1,1,0,0,0,0
"./data/211010_1_E2_00001.png",1,1,1,0,1,0,1
"./data/93357_1_E2_001.png",0,1,1,0,0,0,1
"./data/233128a2_x0001.png",0,1,1,0,0,0,0
"./data/quk9-15_4_00001.png",0,0,1,1,0,1,0
"./data/WTT6-9_1_001.png",0,1,1,0,1,0,0
"./data/217183b6-amp_hires_0001.png",0,0,1,0,1,1,0
"./data/ppm3D3-peak.0001.png",1,0,1,0,0,0,0
"./data/96452_1_E1.png",1,0,1,0,0,0,1
"./data/m1g1eg.0001.png",0,1,0,0,0,0,0
"./data/188066_1_E1_001.png",0,0,0,0,0,1,1
"./data/10849_1_E2_001.png",0,0,0,0,0,0,0
"./data/107810_1_E1_001.png",1,0,1,0,0,0,1
"./data/psp-pi-g8g2.png",0,1,0,0,0,0,0
"./data/151759_3_00001.png",1,0,1,0,1,0,0
"./data/264490e5_x20001.png",0,1,1,0,1,0,0
"./data/idp91106m.png",0,0,0,1,0,1,0
"./data/100346_M1_B8_high.0001.png",0,1,0,1,0,0,0
"./data/143501_2_0001.png",1,0,1,0,0,0,0
"./data/257500d1_0001.png",1,0,1,0,0,0,0
"./data/imp-q21-ih5eg.0001.png",0,1,1,0,0,0,0
"./data/45407_1_E2_001.png",1,1,1,0,0,0,1
"./data/138499_2_0001.png",1,1,0,0,0,0,0
"./data/46502_1_E1_001.png",1,1,1,0,0,0,1
"./data/199055_1_E2_001.png",0,0,0,0,0,1,0
"./data/10911_3_001.png",1,0,1,0,0,0,0
"./data/179492_2_00001.png",1,1,1,0,1,0,0
"./data/T2091_E3_1_001.png",0,0,1,0,0,0,1
"./data/T2869_1_E3_001.png",0,1,0,0,0,0,0
"./data/10690_1_E2_001.png",1,0,1,0,0,0,0
"./data/8893_2_E3.png",0,1,0,0,0,0,1
"./data/idp91753a.png",1,1,1,1,0,0,0
"./data/17386_1.png",1,1,1,0,0,0,0
"./data/C8_2_2_00001.png",0,1,1,0,0,0,0
"./data/40028_1_E2_001.png",1,0,1,0,0,0,0
"./data/9N_32.0001.png",1,1,1,0,0,0,0
"./data/13Feb15_n1_collect_sweep2_0001.png",0,1,1,0,1,0,0
"./data/phi180_0001.png",0,0,1,0,1,0,0
"./data/T2664_PeakH_1.png",0,1,0,0,1,0,1
"./data/m4d9g-1.0001.png",0,0,0,1,0,0,0
"./data/56381_1_E2_001.png",0,0,1,0,0,0,0
"./data/55404_1_E2_001.png",1,1,1,0,0,0,0
"./data/fmc3-8.png",0,1,0,1,0,0,0
"./data/210571_1_E2_00001.png",1,0,1,0,1,0,0
"./data/47532_1_E2_001.png",0,0,1,0,0,0,0
"./data/207064_2_00001.png",1,0,1,0,1,0,1
"./data/85916_4_001.png",1,0,1,0,0,0,0
"./data/idp05469.2a.png",1,1,0,0,0,1,0
"./data/tm0875_8p44_1_E2_001.png",0,1,0,0,0,0,0
"./data/127933_1_E2_001.png",1,0,1,0,0,0,0
"./data/tlg6_3_1_001.png",1,1,0,1,0,0,0
"./data/181388_1_E1_00001.png",1,0,1,0,0,0,0
"./data/T1588-822_102_E2_001.png",0,1,0,0,0,0,0
"./data/IDP05108-4.png",0,1,0,1,0,1,0
"./data/100019_2_001.png",1,0,1,0,0,0,0
"./data/136883_1_E2_001.png",0,1,0,0,0,0,1
"./data/m3c4no2.0001.png",0,1,1,0,0,0,0
"./data/140569_1_E1_0001.png",1,1,1,0,0,0,0
"./data/185723_1_E2_001.png",0,1,0,0,0,0,1
"./data/211518_1_00001.png",1,0,1,0,0,0,0
"./data/103946_3_001.png",0,1,1,0,0,0,1
"./data/10562_M4_g1_3_data.0001.png",1,1,1,0,0,0,0
"./data/89520_1_E2_001.png",0,0,1,0,0,0,0
"./data/17c2p3_4_001.png",1,1,1,0,1,0,0
"./data/185538_1_001.png",1,1,1,0,0,0,1
"./data/141921_2_0001.png",1,1,1,0,0,0,0
"./data/46896_1_E1_001.png",0,0,1,1,0,1,0
"./data/93310_1_001.png",1,1,1,0,0,0,0
"./data/KDM4A-3.png",0,1,0,0,0,0,0
"./data/198681_1_E1_00001.png",1,1,1,0,1,0,1
"./data/85341_2_001.png",0,1,1,0,0,1,0
"./data/144187_1_E1_0001.png",0,1,0,0,0,0,0
"./data/191124_1_E2_00001.png",1,0,1,1,1,0,0
"./data/11280_3_001.png",1,1,1,1,0,0,0
"./data/244377g6_y0001.png",0,0,1,0,0,1,0
"./data/121774_3_001.png",0,1,0,1,0,0,0
"./data/181388_2_00001.png",1,0,1,0,0,0,0
"./data/116815_1_E1_001.png",0,1,1,1,0,0,0
"./data/xwx3-6.png",0,0,0,0,0,1,0
"./data/idp02485.402sm-b.png",1,0,0,0,0,1,0
"./data/159700_1_E2_0001.png",0,1,0,0,0,0,0
"./data/ja1_2_001.png",0,1,1,0,0,0,0
"./data/pip-c9ge-1peak.0001.png",0,1,0,1,0,0,0
"./data/if7g-peak.0001.png",0,1,0,0,0,0,0
"./data/203781h1_1M_KI_y0001.png",0,1,1,0,0,0,0
"./data/28056_17_E1_001.png",1,0,1,0,0,0,0
"./data/57548_1_E2_001.png",0,1,1,0,0,0,0
"./data/106933_1_E2_001.png",0,1,0,1,0,0,0
"./data/257485c12_x0001.png",1,1,1,1,0,0,0
"./data/IDP01004_3g0s.png",0,0,1,0,1,0,1
"./data/idp00968a.png",0,1,0,1,0,0,0
"./data/43942_2_001.png",1,0,1,0,0,0,0
"./data/IDP95660-4.png",0,1,0,1,0,1,0
"./data/190819_1_E1_00001.png",0,0,1,0,0,0,0
"./data/9969_4_001.png",1,1,0,0,0,0,1
"./data/25011_1_E2_001.png",0,0,1,0,0,1,0
"./data/65408_2.png",0,1,0,0,0,0,0
"./data/46896_2_001.png",0,0,0,1,0,1,0
"./data/92036_1_E2_001.png",0,1,1,0,0,0,0
"./data/15154_1_E2_001.png",1,0,1,0,0,0,0
"./data/261062c8_z20001.png",0,1,1,0,1,0,0
"./data/ENY1_1_1_001.png",0,1,0,0,0,0,0
"./data/91156_1_E2_001.png",1,0,1,0,0,1,0
"./data/idp02531-1_A.png",0,1,0,0,0,0,0
"./data/aik4-15_16_00001.png",1,1,1,0,0,0,0
"./data/180999_3_E2_00001.png",0,1,1,0,0,0,0
"./data/non-anomalous_IDP00335-1b.png",1,1,0,0,0,0,0
"./data/jgp5-6b.png",0,1,0,0,0,0,0
"./data/49893_1_E1_001.png",1,1,1,0,0,0,0
"./data/91709_1_E1_001.png",0,1,1,0,0,1,1
"./data/113062_1_E1_001.png",0,1,0,0,0,0,1
"./data/148872_1_E2_0001.png",1,1,1,0,0,0,1
"./data/58118_2.png",0,0,0,1,0,0,0
"./data/p8_c11_00001.png",0,1,0,0,0,0,0
"./data/107112_1_001.png",1,0,1,0,0,0,0
"./data/21629_1_E1_001.png",1,0,1,0,0,1,0
"./data/36121_1_E2_001.png",1,0,1,0,0,0,0
"./data/1507_102_dropb3M2-29-gly-high.0001.png",0,1,1,0,0,0,0
"./data/bfw9-7.png",0,1,0,0,0,0,0
"./data/121017_2_001.png",1,0,0,0,0,0,0
"./data/IDP91947-1.png",1,1,0,0,0,1,0
"./data/180999_1_E1_00001.png",1,1,1,0,0,0,0
"./data/55056_1_E1_001.png",1,1,1,0,0,0,0
"./data/nys3_b3a.png",0,1,0,1,0,0,0
"./data/GW0004_1_867-1.png",0,1,0,0,0,0,0
"./data/81605_1_E2_001.png",1,0,1,0,0,1,0
"./data/x1-high.0001.png",0,0,1,0,1,0,0
"./data/x249641.0001.png",0,1,1,0,0,0,0
"./data/257193a2_y0001.png",0,0,1,0,0,0,0
"./data/ESPG2_M1_B5_x3_data.0001.png",0,0,1,0,0,0,0
"./data/123353_1_E1_001.png",1,0,1,0,0,0,0
"./data/62506_1_E2_001.png",0,0,0,0,0,0,0
"./data/11319_1_001.png",0,1,0,0,0,0,0
"./data/10301_2_001.png",0,0,0,0,0,0,0
"./data/88778_1_E2_001.png",1,0,1,0,0,0,1
"./data/IDP01791_n1_1_0001.png",0,1,1,0,0,0,0
"./data/wih10su2-peak1.0001.png",0,1,0,0,0,0,0
"./data/89622_1_E1_001.png",1,0,1,0,0,0,0
"./data/195021_2_00001.png",1,0,1,0,1,0,0
"./data/idp05121.2sm-a.png",0,1,0,1,0,0,0
"./data/154823_1_E2_0001.png",0,1,0,1,0,0,0
"./data/196080_1_00001.png",1,0,1,0,1,0,0
"./data/183667_1_E1_00001.png",1,0,1,0,1,0,0
"./data/unknown-4a.png",1,1,0,0,0,0,0
"./data/dcb6_7_1_001.png",1,1,0,0,0,0,0
"./data/14775_2_E2_001.png",0,1,0,0,0,0,0
"./data/24118_1_E1_001.png",1,0,1,0,0,1,0
"./data/C8_6_9_00001.png",0,1,1,0,0,0,0
"./data/icw9-5.png",0,1,0,1,0,0,0
"./data/183667_2_00001.png",1,0,1,0,1,0,0
"./data/101320_1_E1_001.png",1,1,1,1,0,0,0
"./data/117397_1_E1_001.png",1,1,1,0,0,1,0
"./data/auw1_3_1_001.png",0,1,0,0,0,0,0
"./data/84354_4_001.png",0,1,1,1,0,0,0
"./data/93357_2_001.png",0,1,1,0,0,0,1
"./data/225749g7_x0001_WVAuq4z.png",0,0,1,0,0,0,0
"./data/121774_1_E2_001.png",0,1,0,1,0,0,1
"./data/173022_2_0001.png",1,1,1,0,0,0,0
"./data/146092_1_0001.png",0,1,1,0,0,0,1
"./data/73676_2_001.png",0,0,0,1,0,0,0
"./data/15758_1_E1_001.png",1,0,1,0,0,0,0
"./data/91082_2_001.png",1,0,1,0,0,0,0
"./data/c6p3_1_361.png",1,1,0,0,0,0,0
"./data/auw1_16_1_001.png",0,1,0,1,0,0,0
"./data/81155_1_E2_001.png",1,1,1,0,0,0,1
"./data/xDs1.0001_bSV6xRt.png",0,1,0,0,0,0,0
"./data/72230_1_E1_001.png",1,0,1,0,0,0,1
"./data/204287g6_ax0001.png",1,1,1,0,0,0,0
"./data/54906_1_E1_001.png",0,0,1,0,0,0,0
"./data/2077_W_pyr2pk.0001.png",0,1,1,0,0,0,0
"./data/228044h10_x0001.png",1,0,1,0,0,0,0
"./data/IDP90557_J-2-3_1_0001.png",0,0,1,0,1,0,0
"./data/49046_1_E2_001.png",1,1,1,0,0,0,0
"./data/xy102_peak.0001.png",1,1,1,0,0,0,0
"./data/decode-LTI_209b-position3_newcryo_07-15-200905.png",0,1,0,0,0,0,0
"./data/53083_1_001.png",1,1,1,0,0,1,0
"./data/186728_2_E1_001.png",1,0,0,0,0,1,1
"./data/8893_2_E4.png",0,1,0,0,1,0,1
"./data/262775a12_x0001.png",0,1,0,1,0,0,0
"./data/114256_2_001.png",0,1,0,0,0,1,0
"./data/74295_2_001.png",1,0,1,0,0,0,1
"./data/176318_1_E2_00001.png",0,1,1,0,1,0,0
"./data/34562_1_E2_001.png",1,0,1,1,0,0,0
"./data/290723a7_y_0001.png",0,1,1,0,0,0,0
"./data/80804_1_E2_001.png",1,1,0,1,0,0,0
"./data/qub4-1_1_001.png",0,1,0,0,0,1,0
"./data/226714c8_x0001.png",0,1,1,0,1,0,0
"./data/91286_2_001.png",0,1,0,1,0,0,0
"./data/179492_3_00001.png",1,1,1,0,1,0,0
"./data/T2091_E2_1_001.png",0,0,1,0,0,0,1
"./data/231382a1_z0001.png",0,0,1,0,0,0,0
"./data/16472_1_001.png",1,1,1,0,0,0,1
"./data/sal9_p11_1_001.png",1,1,0,0,0,0,0
"./data/158220_1_E1_00001.png",1,0,1,0,1,1,0
"./data/INDE9gly-peak.0001.png",0,1,0,1,0,0,0
"./data/185556_2_001.png",1,1,1,0,0,0,1
"./data/127124_1_E2_001.png",1,0,1,0,0,0,0
"./data/10641_3_E2_001.png",1,0,0,0,0,0,0
"./data/200362_1_E2_00001.png",0,1,0,0,0,0,0
"./data/mly7-11_1_001.png",0,1,1,0,0,0,0
"./data/196606_1_E1_00001.png",1,1,1,0,1,0,0
"./data/18058_2.png",1,1,1,0,0,1,0
"./data/IDP04297-1_Se_B.png",0,1,0,0,0,0,0
"./data/201069_1_E1_00001.png",1,1,1,0,1,0,0
"./data/120358_1_E1_001.png",0,1,1,1,0,0,0
"./data/jtp5-6.png",1,1,0,1,0,0,0
"./data/T1588-822_101_E1_001.png",0,1,0,0,0,0,0
"./data/37581_1_E1_001.png",0,1,1,0,0,0,1
"./data/151759_2_00001.png",1,0,1,0,1,0,0
"./data/54510_1_E2_001.png",1,1,0,0,0,0,0
"./data/ymq0-4.png",0,1,0,1,0,0,0
"./data/11504_2_E1_001.png",0,1,0,1,0,0,0
"./data/IDP05245_4GVO.0001.png",1,1,1,0,0,0,0
"./data/168670_1_E1_0001.png",1,0,1,0,1,0,0
"./data/idp2451-n3_B.png",0,1,0,1,0,0,0
"./data/215778c6_y0001.png",0,0,1,0,0,0,0
"./data/108484_2_001.png",1,1,1,0,0,0,1
"./data/Image_x0001.png",0,1,1,0,0,0,0
"./data/125998_1_E2_001.png",0,0,1,0,0,0,0
"./data/81605_2_001.png",0,0,1,0,0,1,0
"./data/142756_1_E2_0001.png",1,0,1,0,0,0,0
"./data/NY28_10set3.png",0,1,0,0,0,0,0
"./data/8989_1_001.png",1,1,0,0,0,0,0
"./data/149934_1_0001.png",1,1,1,0,0,0,1
"./data/katm_17_1.png",1,0,0,0,0,1,0
"./data/198553_1_E1_00001.png",1,0,1,0,0,0,0
"./data/apc4542_DNA24_B1_c2_1_0001.png",1,0,0,0,0,0,1
"./data/227318b6_y0001.png",1,0,1,0,1,0,0
"./data/idp1318-C3-anl2-gly.0001.png",0,1,0,0,0,0,0
"./data/peak-1.0002.png",0,1,0,1,0,0,0
"./data/52052_3_001.png",1,0,1,0,0,0,1
"./data/75526_1_001.png",1,1,1,0,0,0,0
"./data/xgy3-11_2_001.png",1,1,1,0,1,0,0
"./data/84291_1_E1_001.png",1,1,1,0,0,0,1
"./data/53059_1_E2_001.png",1,1,1,0,0,0,0
"./data/T3695_2_E1_001.png",0,0,0,0,0,0,0
"./data/94284_1_E2.png",1,0,1,0,0,0,0
"./data/96723_3_E2.png",1,1,0,0,0,0,0
"./data/152274_1_E1_0001.png",0,1,1,0,0,0,0
"./data/IDP01441-J-3-C.png",0,0,0,0,0,1,0
"./data/dcb16_9_1_001.png",1,1,1,0,0,0,0
"./data/tstm2268_nat1.png",0,1,0,0,0,0,0
"./data/24045_1_E2_001.png",1,0,1,0,0,0,0
"./data/230048a2_y0001.png",0,0,1,0,0,0,0
"./data/205032_1_00001.png",1,1,1,0,1,0,0
"./data/89921_2_001.png",0,0,1,0,0,1,0
"./data/60587_1_E2_001.png",1,1,0,0,0,0,0
"./data/29753_1_E1_001.png",0,0,0,0,0,1,0
"./data/95462_1_E2.png",0,1,0,0,0,1,0
"./data/vmh0-9.png",1,1,0,0,0,0,0
"./data/9892_E2_1.png",0,0,0,0,0,1,1
"./data/mnm_e_jcsg_e1_ki_ax0801.png",0,0,1,0,0,0,0
"./data/T3337_2_001.png",0,1,1,0,0,0,1
"./data/HEuTCH2b1_6_000.png",1,0,1,0,0,0,1
"./data/58458_1_E1.png",1,1,0,1,0,0,0
"./data/149539_1_E2_0001.png",0,1,1,0,0,0,1
"./data/IDP01133_crystal1_1_0001.png",1,1,1,0,0,1,0
"./data/118400_1_E2_001.png",1,0,1,0,0,0,0
"./data/165065_1_E2_0001.png",1,0,1,0,0,0,0
"./data/CAA0003_18Nov16_n5_collect_0001.png",0,0,1,0,0,0,0
"./data/IDP91778-9.png",1,1,0,0,0,0,0
"./data/208434_1_00001.png",1,1,1,0,1,1,0
"./data/87869_1_E2_001.png",1,0,1,0,0,0,0
"./data/mvx8-9.png",1,1,0,0,0,0,0
"./data/95390_1_E1.png",1,1,1,0,0,0,1
"./data/125158_2_001.png",1,0,1,0,0,0,0
"./data/195823_1_E2_00001.png",0,0,1,0,1,0,0
"./data/56038_1_E2_001.png",0,0,1,1,0,1,0
"./data/93729_3_E2.png",1,1,0,0,0,0,1
"./data/2Ux_24_2mHID5i.png",0,1,0,1,1,0,0
"./data/A0751-278.png",0,1,1,0,0,0,0
"./data/apc110172.8a.png",1,1,0,0,0,0,0
"./data/idp91106d.png",0,0,0,1,0,1,0
"./data/ren0-2.png",0,1,0,1,0,1,0
"./data/120919_2_001.png",1,0,1,0,0,0,0
"./data/185801_1_E1_001.png",1,0,1,0,0,0,1
"./data/100666_1_E2_001.png",0,1,1,0,0,0,0
"./data/a1d5g3-peak.0001.png",0,1,0,0,0,0,0
"./data/53398_1_E2_001.png",1,0,1,0,0,0,1
"./data/200149_1_E1_00001.png",1,1,1,0,0,0,0
"./data/99049_1_E1_001.png",0,0,1,0,0,0,0
"./data/47595_1_E2_001.png",1,0,1,1,0,0,0
"./data/114310_1_E1_001.png",0,1,1,0,0,0,1
"./data/95182_1_E2.png",1,0,1,0,0,0,1
"./data/Phen1.png",0,1,0,0,0,0,0
"./data/idp026381-3.png",0,1,0,0,0,0,0
"./data/p4_2_001.png",0,1,0,0,0,0,0
"./data/225934h6_x0001.png",0,0,1,0,1,0,0
"./data/64790_1_E1.png",0,1,1,0,0,0,0
"./data/173022_1_E1_0001.png",1,1,0,0,0,0,0
"./data/IDP91778-9anob.png",0,1,1,1,0,0,0
"./data/idp00766a.png",1,0,0,0,0,1,0
"./data/10863_2_E1_001.png",1,0,0,0,0,1,0
"./data/114340_2_001.png",1,1,1,0,0,0,1
"./data/85557_1_001.png",0,1,1,1,0,0,0
"./data/44931_2_001.png",1,1,1,0,0,0,1
"./data/pk_sel1-peak1.png",0,1,0,1,1,0,1
"./data/166551_1_E1_0001.png",0,1,0,0,0,0,0
"./data/11c12p3_1_E2_091.png",0,1,1,0,1,1,0
"./data/44338_4_001.png",1,0,0,0,0,0,1
"./data/if8g2-peak.0001_GnOmptN.png",0,1,0,1,0,0,0
"./data/15521_2_001.png",0,1,0,0,0,0,0
"./data/204157b3_ax0001.png",0,0,1,0,0,0,0
"./data/IDP04248-1.png",0,1,0,0,0,1,0
"./data/IDP90718_3N4K.0001.png",1,0,1,0,0,0,0
"./data/33758_2_001.png",1,0,1,0,0,0,0
"./data/am2h3g.0001.png",0,1,1,0,0,0,0
"./data/9172_1_E1_001.png",1,1,0,0,0,0,0
"./data/idp04323-4.png",0,1,0,0,0,1,0
"./data/T2972_1_E2_001.png",0,0,0,0,0,1,0
"./data/qdq9-9.png",1,1,0,0,0,0,0
"./data/64132_2.png",0,1,0,0,0,0,0
"./data/10270_1_E3_001.png",1,0,0,0,0,1,0
"./data/13185_2_E2_001.png",1,1,1,0,0,0,0
"./data/3507_P_001.png",1,0,1,0,0,0,0
"./data/Puck10-2.png",0,1,0,0,0,0,0
"./data/ProlWT_Mut0_HR_1_00001.png",0,1,1,0,1,0,0
"./data/102352_1_E1_001.png",1,1,0,0,0,0,1
"./data/22369_2_001.png",1,0,1,0,0,0,0
"./data/151192_1_E2_0001.png",1,0,1,0,0,0,1
"./data/96698_2.png",0,0,0,0,0,0,0
"./data/89033_1_E1_001.png",1,1,1,0,0,0,1
"./data/138569_2_0001.png",1,0,1,0,0,0,1
"./data/IDP05451-2.png",1,1,0,0,0,0,0
"./data/59519_1_E2_001.png",0,0,0,0,0,0,0
"./data/173580_1_0001.png",1,0,1,0,1,0,0
"./data/197295_2_00001.png",0,1,0,0,1,0,0
"./data/101464_2_001.png",0,1,0,0,0,0,0
"./data/iyg6-15_11_001.png",0,0,0,0,0,1,0
"./data/96990_1_E1.png",0,1,1,0,0,0,1
"./data/10401_1_001.png",1,1,1,0,0,0,0
"./data/105648_1_E1_001.png",1,0,1,0,0,0,1
"./data/11921_5_E1_001.png",1,0,1,0,0,0,0
"./data/139727_1_E2_0001.png",0,1,0,0,0,0,1
"./data/84338_1_E2_001.png",1,0,1,0,0,1,0
"./data/185556_1_E2_001.png",1,1,0,0,0,0,1
"./data/101975_1_E2_001.png",1,0,1,0,0,0,0
"./data/106817_1_E1_001.png",1,0,1,0,0,1,1
"./data/172170_1_00001.png",0,0,1,0,1,1,0
"./data/133954_1_E2_0001.png",1,1,1,0,0,0,0
"./data/57205_1_E1_001.png",1,1,1,0,0,0,0
"./data/26972_2_001.png",1,0,1,0,0,1,0
"./data/147306_1_0001.png",0,0,1,0,0,0,1
"./data/59460_3_E1_001.png",0,0,0,0,0,1,0
"./data/IDP02154-1.png",0,1,0,0,0,1,0
"./data/awp3-4.png",1,1,0,0,0,0,0
"./data/xBs1.0001.png",0,1,0,1,0,0,0
"./data/mccf_wizA4_ASAsoak_gly.0001.png",0,0,1,0,0,0,0
"./data/88378_1_E1_001.png",0,0,0,0,0,1,1
"./data/257764c5_y0001.png",1,1,1,0,0,0,0
"./data/170800_3_001.png",0,0,0,1,0,0,0
"./data/94235_1_E2.png",0,1,1,0,0,0,1
"./data/7797_1_001.png",0,1,1,0,0,0,0
"./data/139819_2_0001.png",0,1,1,0,0,0,1
"./data/74428_2_001.png",0,1,1,1,0,0,0
"./data/81722_1_001.png",1,0,1,0,0,0,0
"./data/113277_3_001.png",0,1,1,0,0,0,1
"./data/ktz2-6.png",0,1,0,0,0,0,0
"./data/35270_1_E2.png",0,1,0,0,0,0,0
"./data/18574_2_001.png",1,1,0,0,0,0,0
"./data/xCs1.0001_CUu5F1a.png",0,1,1,0,0,0,0
"./data/114053_2_001.png",1,1,0,0,0,0,1
"./data/119761_1_E2_001.png",0,1,1,0,0,0,1
"./data/117797_1_E2_001.png",1,0,1,0,0,0,0
"./data/25011_2_E1_001.png",1,0,1,0,0,1,0
"./data/IDP04461_ZD2_10_1_00002.png",0,1,0,0,0,0,0
"./data/18058_5.png",1,1,1,0,0,0,0
"./data/nib9-12_1_001.png",1,0,1,0,0,1,0
"./data/sacol_1320-2infl_B.png",0,1,0,0,0,0,0
"./data/187718_1_E1_001.png",0,1,0,0,0,0,1
"./data/168220_1_E2_0001.png",1,1,1,0,0,0,0
"./data/idp00699a_9dRK2SV.png",0,1,0,0,0,1,0
"./data/oxi7-1_real.png",0,1,1,1,0,1,0
"./data/171931_1_00001.png",0,1,0,0,0,0,0
"./data/idp2781-3.png",0,1,0,0,0,0,0
"./data/9766_E3_1.png",1,0,1,0,0,0,0
"./data/idp00749_3PGY.0001.png",1,1,0,0,0,0,0
"./data/93611_2_E2.png",0,1,0,0,0,0,1
"./data/C8_6_8_00001.png",0,0,1,0,0,0,0
"./data/12283_3_001.png",1,1,0,0,0,0,0
"./data/115674_2_001.png",1,0,1,0,0,0,0
"./data/13Feb15_n1_collect_0001.png",0,0,1,0,0,0,0
"./data/102581_1_E2_001.png",1,1,1,0,0,0,1
"./data/21629_2_E2_001.png",1,0,1,0,0,1,0
"./data/r1-2_1_1_001.png",1,1,0,0,0,0,0
"./data/T3702_1_E3_001.png",1,0,0,0,0,0,0
"./data/206697_1_E2_00001.png",1,0,1,0,0,0,0
"./data/147192_2_0001.png",0,1,1,0,0,0,1
"./data/152803_2_0001.png",1,0,1,0,0,0,0
"./data/98036_1_E1_001.png",1,1,1,0,0,0,0
"./data/r1.0001_0EAxMgO.png",1,0,1,0,0,0,1
"./data/60763_1_E1_001.png",0,1,0,0,0,0,0
"./data/53076_2_001.png",0,1,0,1,0,0,0
"./data/134804_1_E2_0001.png",1,0,1,0,0,0,1
"./data/175921_1_E1_00001.png",1,0,1,0,1,0,0
"./data/T169_1_E1_001.png",0,1,0,0,0,0,0
"./data/A6_1_1.png",0,1,0,0,0,1,0
"./data/TM1782B4_2_001.png",0,1,0,1,0,0,0
"./data/B27_ok1.png",0,1,0,0,0,0,0
"./data/idp90922ad.png",0,1,1,0,0,0,0
"./data/234284b5_y1001.png",1,0,1,0,0,0,0
"./data/134276_1_0001.png",1,0,1,0,0,0,1
"./data/34621_2.png",0,1,0,0,0,0,0
"./data/178832_1_00001.png",1,1,1,0,0,0,0
"./data/IDP01493_MN3-B3_1a_2_0001.png",0,1,0,0,0,0,0
"./data/163108_2_0001.png",1,1,1,0,0,0,0
"./data/61258_1_E2_001.png",1,0,0,0,0,0,0
"./data/35664_2_001.png",1,0,1,0,0,0,0
"./data/60302_1_E1_001.png",0,1,0,0,0,0,0
"./data/70568_1_E1_001.png",0,1,0,0,0,0,0
"./data/70093_1_E1_001.png",0,1,1,1,0,0,0
"./data/91667_1_E1_001.png",1,1,1,0,0,0,1
"./data/113277_1_E2_001.png",0,1,1,0,0,0,1
"./data/ejy2-10_1_001.png",0,1,0,0,0,0,0
"./data/81567_2_001.png",0,0,1,1,0,0,0
"./data/o9_4.0001.png",1,1,1,0,0,0,0
"./data/205370d6_x0001.png",1,0,1,0,1,0,0
"./data/91082_1_E1_001.png",0,0,1,0,0,0,0
"./data/nui1-5_1_001.png",1,0,1,0,0,0,0
"./data/idp05539_4E16.0501.png",1,1,0,1,0,0,0
"./data/IDP06286-1.png",1,1,0,0,0,0,0
"./data/prv7-6.png",0,1,0,1,0,0,0
"./data/dzb0-7_5_001.png",1,1,0,0,0,0,0
"./data/17848_1.png",1,0,1,0,0,0,0
"./data/11933_2_001.png",0,0,0,1,0,0,0
"./data/201927_1_E2_00001.png",0,1,1,0,1,0,0
"./data/rhamnosemix_1_a.png",0,1,0,0,0,0,0
"./data/aak7-1.png",0,1,0,0,0,0,0
"./data/THY28_DNA.0001_9aoBq16.png",0,1,0,0,0,0,0
"./data/123431_1_E2_001.png",0,1,1,0,0,0,0
"./data/p46p2_1_001.png",1,0,1,0,1,0,0
"./data/KH12_2s1.png",0,1,0,1,0,0,0
"./data/apc110119g.png",1,1,0,0,0,0,0
"./data/63791_2.png",0,1,1,0,0,0,0
"./data/idp01656b.png",0,1,0,1,0,0,0
"./data/18095_1_E2_001.png",0,1,0,0,0,0,0
"./data/51451_2_001.png",1,0,1,0,0,0,0
"./data/9258_2_001.png",0,1,0,0,0,0,0
"./data/105648_2_001.png",1,0,1,0,0,0,1
"./data/100967_2_001.png",1,1,0,0,0,0,0
"./data/24118_2_001.png",1,0,1,0,0,1,0
"./data/123431_2_001.png",0,1,1,0,0,0,0
"./data/163636_2_0361.png",0,1,0,1,0,0,0
"./data/9439_1_001.png",0,1,0,1,0,0,0
"./data/105471_4_001.png",0,1,1,0,0,0,1
"./data/T2972_2_001.png",0,0,1,0,0,1,0
"./data/IDP04389-1b.png",1,1,0,0,0,0,0
"./data/27221_2_001.png",1,0,1,0,0,0,1
"./data/idp90669a.png",1,1,0,0,0,0,0
"./data/95186_1_E1.png",0,0,1,0,0,1,1
"./data/xtal1rot.0001.png",0,1,0,0,0,0,0
"./data/142525_1_E1_0001.png",1,0,1,0,0,0,0
"./data/36626_1_E2_001.png",1,0,1,0,0,0,0
"./data/ucd10a.png",0,1,0,0,0,0,0
"./data/159752_1_E2_0001.png",0,1,1,0,0,0,0
"./data/IDP91778-11anob.png",0,0,1,0,0,0,0
"./data/91121_2_001.png",0,1,0,0,0,1,0
"./data/etc1-2.png",0,1,1,0,0,0,0
"./data/uuo1-8_1_001.png",0,1,1,1,0,0,0
"./data/HBY5_8_1_001.png",0,1,0,1,0,0,0
"./data/144484_3_E1_0001.png",1,0,1,0,0,0,1
"./data/apc100707pk1.0001.png",0,1,0,1,0,0,0
"./data/34502_1_E1_001.png",1,0,1,0,0,0,0
"./data/77848_2_001.png",0,1,1,0,0,0,0
"./data/qoj5-1.png",1,1,0,0,0,0,0
"./data/2715_2_001.png",0,0,0,0,0,0,0
"./data/JHI9-8_5_001.png",1,1,0,0,0,0,0
"./data/12525_5_E1_001.png",0,0,0,0,0,0,0
"./data/apo-m3c4.0001.png",0,0,1,0,0,0,0
"./data/B8_1_001.png",0,1,0,1,0,0,1
"./data/APC234_Iy-28_1_0001.png",0,1,0,0,0,0,0
"./data/aik4-11_16_00001.png",0,1,0,0,0,0,0
"./data/19051_2_E2_001.png",0,0,0,0,0,0,0
"./data/72438_1_E2_001.png",1,0,1,0,0,0,1
"./data/48017_1_E2_001.png",1,1,0,0,0,0,0
"./data/26313_3_001.png",0,0,0,0,0,0,0
"./data/105616_2_001.png",0,0,1,0,0,0,0
"./data/52009_1_E2_001.png",1,0,1,0,0,0,0
"./data/zty0-8b.png",0,1,0,0,0,0,0
"./data/B1_1_E2_0001.png",0,0,1,0,0,1,0
"./data/131780_2_0001.png",0,1,1,0,0,0,0
"./data/53059_2_001.png",0,1,1,0,0,0,1
"./data/122331_1_001.png",0,0,1,0,0,0,1
"./data/88760_1_E1_001.png",1,0,0,0,0,0,0
"./data/31090_2.png",1,0,0,0,0,0,0
"./data/130568_2_001.png",0,0,0,0,0,0,0
"./data/257996g11_x0001.png",0,1,1,0,0,0,0
"./data/uqd2-1.png",0,1,0,0,0,0,0
"./data/38434_2_001.png",1,0,1,0,0,1,0
"./data/109942_2_001.png",0,1,0,0,0,0,0
"./data/idp01739-2_B.png",0,1,0,0,0,0,0
"./data/204838_1_E1_00001.png",1,0,1,0,1,0,0
"./data/IDP01493-J-4-C.png",0,1,0,0,0,0,0
"./data/169177_2_0001.png",0,1,1,0,0,0,0
"./data/u0_b2.0001.png",0,0,0,1,0,0,0
"./data/dapapo-newx1-zn-hr.0001.png",1,1,0,0,0,0,1
"./data/150864_2_0001.png",1,1,1,0,0,0,1
"./data/177797_2_E2_00001.png",0,0,1,0,0,0,0
"./data/195051_1_E2_00001.png",0,0,1,0,1,0,0
"./data/96723_2_E1.png",1,0,0,0,0,0,0
"./data/ter3-3.png",1,1,0,0,0,0,0
"./data/41487_2_001.png",1,0,1,0,0,0,0
"./data/104883_1_001.png",1,0,1,0,0,0,1
"./data/205027_1_E1_00001.png",0,0,1,0,0,0,0
"./data/199055_2_001.png",0,0,0,0,0,1,0
"./data/83131_2_001.png",1,1,1,0,0,0,0
"./data/IDP91947-1b.png",0,1,0,0,0,1,0
"./data/IDP01334_3egj.0001.png",1,1,0,0,0,0,0
"./data/TM1782B4_4_E1_001.png",0,1,0,1,0,0,0
"./data/11785_6_E2_001.png",0,0,0,0,0,0,0
"./data/169360_1_0001.png",1,1,1,0,1,0,0
"./data/91667_2_001.png",1,1,1,0,0,0,1
"./data/028011_sop6_f12d_1_0001.png",1,0,1,0,0,0,0
"./data/253954a9_x0001.png",0,0,1,0,0,0,0
"./data/qjz3-1.png",0,0,0,0,0,1,0
"./data/166946_1_E2_0001.png",0,0,1,0,0,0,0
"./data/B63_ok2.png",0,1,0,1,0,0,0
"./data/30484_2.png",1,0,0,0,0,1,0
"./data/idp1131_N1_A.png",1,1,0,1,0,0,0
"./data/144619_1_E1_0001.png",1,1,1,0,0,0,1
"./data/168260_3_00001.png",0,1,1,1,0,0,0
"./data/21c10p2_4_001.png",0,0,0,0,0,0,0
"./data/25710_1.png",1,0,1,0,0,0,0
"./data/l-asp-m1c7eg.0001.png",1,0,1,0,0,0,0
"./data/93729_2_E1.png",1,1,0,0,0,0,1
"./data/194949_1_E2_00001.png",1,1,1,0,1,0,0
"./data/15167_2_E2_001.png",1,0,1,0,0,0,0
"./data/urac-ps2e5g-peak.0001.png",0,0,1,1,0,0,0
"./data/55002_2_001.png",1,1,1,0,0,0,0
"./data/143938_1_E2_0001.png",1,0,1,0,0,0,0
"./data/95613_2_E1.png",1,1,0,0,0,0,0
"./data/257345h12_z0001.png",1,1,1,0,0,0,0
"./data/9177_4_001.png",1,1,0,0,0,0,0
"./data/wmo4-1.png",0,0,0,0,0,0,0
"./data/15758_3_001.png",1,0,1,0,0,0,0
"./data/117956_2_E2_001.png",1,0,1,0,0,0,0
"./data/69423_4_001.png",1,0,1,0,0,0,0
"./data/e3_2.0001.png",0,1,0,0,0,0,0
"./data/60211_1_E1_001.png",1,0,0,0,0,0,0
"./data/191165_2_00001.png",1,0,1,0,1,0,0
"./data/IDP91046-2b.png",0,1,0,0,0,0,0
"./data/111501_1_E2_001.png",1,1,1,0,0,0,0
"./data/117937_1_001.png",1,0,1,0,0,0,0
"./data/cps-044-6_1_001.png",0,0,1,0,0,0,0
"./data/144591_1_E2_0001.png",1,1,1,0,0,0,0
"./data/265160h9_z0001.png",0,1,1,0,0,0,0
"./data/159450_1_E2_0001.png",1,1,1,0,0,0,0
"./data/idp01828f.png",0,1,0,0,0,0,0
"./data/207747_2_001.png",1,0,0,0,0,0,0
"./data/51451_1_E1_001.png",1,0,1,0,0,0,0
"./data/dataset.png",0,1,1,0,0,0,0
"./data/125499_1_E1_001.png",1,0,0,0,0,0,0
"./data/uqf3-6.png",0,1,0,0,0,0,0
"./data/123244_1_E1_001.png",1,1,1,0,0,0,0
"./data/28086_17_E2_001.png",1,0,1,0,0,0,0
"./data/T1978low_001.png",0,0,0,0,1,0,0
"./data/53-a4-2-1-peak1.0001.png",0,1,0,0,0,0,0
"./data/85482_1_E1_001.png",1,1,1,0,0,0,0
"./data/38434_1_E1_001.png",1,0,1,0,0,0,0
"./data/209884_2_00001.png",1,0,1,0,1,0,0
"./data/b3zn-far2-2.0001.png",0,1,1,0,0,0,0
"./data/NY19_2set8.png",1,1,0,0,0,0,0
"./data/149204_1_E2_0001.png",0,0,1,0,0,0,0
"./data/81762_2_001.png",0,1,0,0,0,0,0
"./data/207234a9_z0001.png",0,1,1,0,1,0,0
"./data/120427_1_E1_001.png",1,0,1,0,0,0,0
"./data/56883_2_001.png",0,0,1,0,0,0,0
"./data/por2-10.png",0,1,0,0,0,0,0
"./data/236774g7_x1001.png",1,1,1,0,0,0,0
"./data/192523_1_00001.png",1,0,1,0,1,0,0
